"NOMBRE","Pmean","Pse","Pnyears"
"BARRIOMARTÍN-EL ROBLEDO",667.38,41.6441160309593,10
"ENCISO",445.18064516129,25.9489326522803,31
"SAN PEDRO MANRIQUE",414.675,30.5307969826197,12
"SANTA CRUZ DE YANGUAS",774.521568627451,21.3212417902945,51
"TORRECILLA (PENACLARA)",589.961904761905,28.5982787329109,21
